{"cameraMode":{"drawMode":0,"name":"Shaded","section":"Shading Mode"},"sceneLighting":true,"audioPlay":false,"sceneViewState":{"showFog":true,"showMaterialUpdate":true,"showSkybox":true,"showFlares":true,"showImageEffects":true,"showParticleSystems":true},"in2DMode":false,"pivot":{"x":-3.734480142593384,"y":5.122002601623535,"z":12.368898391723633},"rotation":{"x":-0.012972475029528141,"y":0.9821315407752991,"z":-0.17263716459274293,"w":-0.07379914820194245},"size":7.155773162841797,"orthographic":false}