{"cameraMode":{"drawMode":0,"name":"Shaded","section":"Shading Mode"},"sceneLighting":true,"audioPlay":false,"sceneViewState":{"showFog":true,"showMaterialUpdate":true,"showSkybox":true,"showFlares":true,"showImageEffects":true,"showParticleSystems":true},"in2DMode":false,"pivot":{"x":-1.3013404607772828,"y":5.613895893096924,"z":12.4754638671875},"rotation":{"x":0.01640464924275875,"y":0.9833071827888489,"z":-0.13957306742668153,"w":0.11557390540838242},"size":7.155773162841797,"orthographic":false}