{"cameraMode":{"drawMode":0,"name":"Shaded","section":"Shading Mode"},"sceneLighting":false,"audioPlay":false,"sceneViewState":{"showFog":true,"showMaterialUpdate":true,"showSkybox":true,"showFlares":true,"showImageEffects":true,"showParticleSystems":true},"in2DMode":false,"pivot":{"x":-0.24240678548812867,"y":2.382859945297241,"z":-1.4594528675079346},"rotation":{"x":-0.2435349076986313,"y":-0.1154811754822731,"z":0.029217800125479699,"w":-0.9625493288040161},"size":2.5720956325531008,"orthographic":false}